编号,科目,题型,章节,标签,题干,选项A,选项B,选项C,选项D,答案,解析,图片
Q001,科目一,单选,道路通行条件及通行规定,通行、车道,高速公路正常行驶，最低车速不得低于每小时多少公里？,50 公里,60 公里,70 公里,80 公里,B,高速公路应当标明车道的行驶速度，最高车速不得超过120km/h，最低车速不得低于60km/h。,
Q002,科目一,单选,道路通行条件及通行规定,通行、车道,高速公路最高车速不得超过每小时多少公里？,100 公里,110 公里,120 公里,130 公里,C,高速公路最高车速不得超过120公里/小时。,
Q003,科目一,单选,道路通行条件及通行规定,通行、车道,没有限速标志、标线的城市道路，机动车最高行驶速度为每小时多少公里？,30 公里,40 公里,50 公里,60 公里,A,没有中心线的城市道路最高限速30公里/小时，公路为40公里/小时。,
Q004,科目一,单选,道路通行条件及通行规定,通行、车道,没有限速标志、标线且同方向只有1条机动车道的城市道路，最高车速为每小时多少公里？,50 公里,60 公里,70 公里,80 公里,A,同方向只有1条机动车道的城市道路最高50公里/小时，公路为70公里/小时。,
Q005,科目一,单选,道路通行条件及通行规定,通行、车道,机动车行经漫水路或者漫水桥时，应当停车察明水情，确认安全后，怎样通过？,低速缓慢通过,加速冲过,挂空挡滑行,换高速挡冲刺,A,漫水路桥应停车察明水情，低速平稳慢行通过。,
Q006,科目一,单选,道路通行条件及通行规定,通行、车道,机动车在雾天行驶时，应当开启什么灯？,雾灯和危险报警闪光灯,远光灯和转向灯,仅开启近光灯,顶灯,A,雾天应开启雾灯、近光灯、示廓灯和危险报警闪光灯。,
Q007,科目一,单选,道路通行条件及通行规定,通行、车道,机动车夜间在没有路灯、照明不良的条件下行驶时，应当开启什么灯？,前照灯、示廓灯和后位灯,仅防雾灯,危险报警闪光灯,顶灯,A,夜间照明不良应开启前照灯（近光/远光）、示廓灯和后位灯。,
Q008,科目一,单选,道路通行条件及通行规定,通行、车道,机动车通过急弯、坡路、拱桥、人行横道时，应当怎样使用灯光？,交替使用远近光灯示意,一直开远光灯,关闭前照灯,仅使用左转向灯,A,特殊路段交替使用远近光灯示意提醒。,
Q009,科目一,单选,道路通行条件及通行规定,通行、车道,机动车在道路上发生故障，需要停车排除故障时，驾驶人应当立即开启什么灯？,危险报警闪光灯,远光灯,雾灯,倒车灯,A,故障停车应立即开启危险报警闪光灯，并设置警告标志。,
Q010,科目一,单选,道路通行条件及通行规定,通行、车道,在普通公路上车辆发生故障，警告标志应当设置在车后多大距离？,50米至100米,150米以外,20米以内,30米左右,A,普通道路车后50~100米，高速公路车后150米以外。,
Q011,科目一,单选,道路通行条件及通行规定,通行、车道,高速公路正常行驶，最低车速不得低于每小时多少公里？（第11题）,50 公里,60 公里,70 公里,80 公里,B,高速公路应当标明车道的行驶速度，最高车速不得超过120km/h，最低车速不得低于60km/h。,
Q012,科目一,单选,道路通行条件及通行规定,通行、车道,高速公路最高车速不得超过每小时多少公里？（第12题）,100 公里,110 公里,120 公里,130 公里,C,高速公路最高车速不得超过120公里/小时。,
Q013,科目一,单选,道路通行条件及通行规定,通行、车道,没有限速标志、标线的城市道路，机动车最高行驶速度为每小时多少公里？（第13题）,30 公里,40 公里,50 公里,60 公里,A,没有中心线的城市道路最高限速30公里/小时，公路为40公里/小时。,
Q014,科目一,单选,道路通行条件及通行规定,通行、车道,没有限速标志、标线且同方向只有1条机动车道的城市道路，最高车速为每小时多少公里？（第14题）,50 公里,60 公里,70 公里,80 公里,A,同方向只有1条机动车道的城市道路最高50公里/小时，公路为70公里/小时。,
Q015,科目一,单选,道路通行条件及通行规定,通行、车道,机动车行经漫水路或者漫水桥时，应当停车察明水情，确认安全后，怎样通过？（第15题）,低速缓慢通过,加速冲过,挂空挡滑行,换高速挡冲刺,A,漫水路桥应停车察明水情，低速平稳慢行通过。,
Q016,科目一,单选,道路通行条件及通行规定,通行、车道,机动车在雾天行驶时，应当开启什么灯？（第16题）,雾灯和危险报警闪光灯,远光灯和转向灯,仅开启近光灯,顶灯,A,雾天应开启雾灯、近光灯、示廓灯和危险报警闪光灯。,
Q017,科目一,单选,道路通行条件及通行规定,通行、车道,机动车夜间在没有路灯、照明不良的条件下行驶时，应当开启什么灯？（第17题）,前照灯、示廓灯和后位灯,仅防雾灯,危险报警闪光灯,顶灯,A,夜间照明不良应开启前照灯（近光/远光）、示廓灯和后位灯。,
Q018,科目一,单选,道路通行条件及通行规定,通行、车道,机动车通过急弯、坡路、拱桥、人行横道时，应当怎样使用灯光？（第18题）,交替使用远近光灯示意,一直开远光灯,关闭前照灯,仅使用左转向灯,A,特殊路段交替使用远近光灯示意提醒。,
Q019,科目一,单选,道路通行条件及通行规定,通行、车道,机动车在道路上发生故障，需要停车排除故障时，驾驶人应当立即开启什么灯？（第19题）,危险报警闪光灯,远光灯,雾灯,倒车灯,A,故障停车应立即开启危险报警闪光灯，并设置警告标志。,
Q020,科目一,单选,道路通行条件及通行规定,通行、车道,在普通公路上车辆发生故障，警告标志应当设置在车后多大距离？（第20题）,50米至100米,150米以外,20米以内,30米左右,A,普通道路车后50~100米，高速公路车后150米以外。,
Q021,科目一,单选,道路通行条件及通行规定,通行、车道,高速公路正常行驶，最低车速不得低于每小时多少公里？（第21题）,50 公里,60 公里,70 公里,80 公里,B,高速公路应当标明车道的行驶速度，最高车速不得超过120km/h，最低车速不得低于60km/h。,
Q022,科目一,单选,道路通行条件及通行规定,通行、车道,高速公路最高车速不得超过每小时多少公里？（第22题）,100 公里,110 公里,120 公里,130 公里,C,高速公路最高车速不得超过120公里/小时。,
Q023,科目一,单选,道路通行条件及通行规定,通行、车道,没有限速标志、标线的城市道路，机动车最高行驶速度为每小时多少公里？（第23题）,30 公里,40 公里,50 公里,60 公里,A,没有中心线的城市道路最高限速30公里/小时，公路为40公里/小时。,
Q024,科目一,单选,道路通行条件及通行规定,通行、车道,没有限速标志、标线且同方向只有1条机动车道的城市道路，最高车速为每小时多少公里？（第24题）,50 公里,60 公里,70 公里,80 公里,A,同方向只有1条机动车道的城市道路最高50公里/小时，公路为70公里/小时。,
Q025,科目一,单选,道路通行条件及通行规定,通行、车道,机动车行经漫水路或者漫水桥时，应当停车察明水情，确认安全后，怎样通过？（第25题）,低速缓慢通过,加速冲过,挂空挡滑行,换高速挡冲刺,A,漫水路桥应停车察明水情，低速平稳慢行通过。,
Q026,科目一,单选,道路通行条件及通行规定,通行、车道,机动车在雾天行驶时，应当开启什么灯？（第26题）,雾灯和危险报警闪光灯,远光灯和转向灯,仅开启近光灯,顶灯,A,雾天应开启雾灯、近光灯、示廓灯和危险报警闪光灯。,
Q027,科目一,单选,道路通行条件及通行规定,通行、车道,机动车夜间在没有路灯、照明不良的条件下行驶时，应当开启什么灯？（第27题）,前照灯、示廓灯和后位灯,仅防雾灯,危险报警闪光灯,顶灯,A,夜间照明不良应开启前照灯（近光/远光）、示廓灯和后位灯。,
Q028,科目一,单选,道路通行条件及通行规定,通行、车道,机动车通过急弯、坡路、拱桥、人行横道时，应当怎样使用灯光？（第28题）,交替使用远近光灯示意,一直开远光灯,关闭前照灯,仅使用左转向灯,A,特殊路段交替使用远近光灯示意提醒。,
Q029,科目一,单选,道路通行条件及通行规定,通行、车道,机动车在道路上发生故障，需要停车排除故障时，驾驶人应当立即开启什么灯？（第29题）,危险报警闪光灯,远光灯,雾灯,倒车灯,A,故障停车应立即开启危险报警闪光灯，并设置警告标志。,
Q030,科目一,单选,道路通行条件及通行规定,通行、车道,在普通公路上车辆发生故障，警告标志应当设置在车后多大距离？（第30题）,50米至100米,150米以外,20米以内,30米左右,A,普通道路车后50~100米，高速公路车后150米以外。,
Q031,科目一,单选,道路通行条件及通行规定,通行、车道,高速公路正常行驶，最低车速不得低于每小时多少公里？（第31题）,50 公里,60 公里,70 公里,80 公里,B,高速公路应当标明车道的行驶速度，最高车速不得超过120km/h，最低车速不得低于60km/h。,
Q032,科目一,单选,道路通行条件及通行规定,通行、车道,高速公路最高车速不得超过每小时多少公里？（第32题）,100 公里,110 公里,120 公里,130 公里,C,高速公路最高车速不得超过120公里/小时。,
Q033,科目一,单选,道路通行条件及通行规定,通行、车道,没有限速标志、标线的城市道路，机动车最高行驶速度为每小时多少公里？（第33题）,30 公里,40 公里,50 公里,60 公里,A,没有中心线的城市道路最高限速30公里/小时，公路为40公里/小时。,
Q034,科目一,单选,道路通行条件及通行规定,通行、车道,没有限速标志、标线且同方向只有1条机动车道的城市道路，最高车速为每小时多少公里？（第34题）,50 公里,60 公里,70 公里,80 公里,A,同方向只有1条机动车道的城市道路最高50公里/小时，公路为70公里/小时。,
Q035,科目一,单选,道路通行条件及通行规定,通行、车道,机动车行经漫水路或者漫水桥时，应当停车察明水情，确认安全后，怎样通过？（第35题）,低速缓慢通过,加速冲过,挂空挡滑行,换高速挡冲刺,A,漫水路桥应停车察明水情，低速平稳慢行通过。,
Q036,科目一,单选,道路交通安全法律、法规和规章,法规、记分,饮酒后驾驶机动车的，一次记多少分？,12 分,9 分,6 分,3 分,A,饮酒后驾驶机动车一次记12分。,
Q037,科目一,单选,道路交通安全法律、法规和规章,法规、记分,驾驶机动车在高速公路上倒车、逆行、穿越中央分隔带掉头的，一次记多少分？,12 分,9 分,6 分,3 分,A,高速公路上倒车、逆行、穿越中央隔离带掉头极其危险，一次记12分。,
Q038,科目一,单选,道路交通安全法律、法规和规章,法规、记分,代替实际机动车驾驶人接受交通违法行为处罚和记分牟取经济利益的，一次记多少分？,12 分,9 分,6 分,3 分,A,买分卖分代扣分牟取经济利益，一次记12分。,
Q039,科目一,单选,道路交通安全法律、法规和规章,法规、记分,驾驶未悬挂机动车号牌或者故意遮挡、污损机动车号牌的机动车上路行驶的，一次记多少分？,9 分,12 分,6 分,3 分,A,故意遮挡、污损或未悬挂号牌记9分。,
Q040,科目一,单选,道路交通安全法律、法规和规章,法规、记分,驾驶机动车违反道路交通信号灯通行（闯红灯）的，一次记多少分？,6 分,12 分,3 分,1 分,A,闯红灯一次记6分。,
Q041,科目一,单选,道路交通安全法律、法规和规章,法规、记分,驾驶机动车在高速公路或者城市快速路上违法占用应急车道行驶的，一次记多少分？,6 分,12 分,9 分,3 分,A,违法占用应急车道行驶记6分。,
Q042,科目一,单选,道路交通安全法律、法规和规章,法规、记分,驾驶机动车拨打、接听手持电话等妨碍安全驾驶的，一次记多少分？,3 分,6 分,2 分,1 分,A,开车打手机一次记3分。,
Q043,科目一,单选,道路交通安全法律、法规和规章,法规、记分,驾驶机动车在高速公路或者城市快速路上不按规定车道行驶的，一次记多少分？,3 分,6 分,1 分,2 分,A,不按规定车道行驶记3分。,
Q044,科目一,单选,道路交通安全法律、法规和规章,法规、记分,驾驶机动车不按规定避让校车的，一次记多少分？,3 分,6 分,1 分,2 分,A,不按规定避让校车记3分。,
Q045,科目一,单选,道路交通安全法律、法规和规章,法规、记分,驾驶机动车在道路上行驶时，机动车驾驶人未按规定系安全带的，一次记多少分？,1 分,2 分,3 分,6 分,A,未系安全带一次记1分。,
Q046,科目一,单选,道路交通安全法律、法规和规章,法规、记分,机动车驾驶人在一个记分周期内累积记分满多少分的，公安交管部门应当扣留机动车驾驶证？,12 分,10 分,6 分,24 分,A,记满12分扣留驾照并参加满分学习。,
Q047,科目一,单选,道路交通安全法律、法规和规章,法规、记分,申请小型汽车、小型自动挡汽车驾驶证的，年龄下限是多少周岁？,18 周岁,16 周岁,20 周岁,22 周岁,A,申领小型汽车C1/C2驾照年满18周岁即可，无上限。,
Q048,科目一,单选,道路交通安全法律、法规和规章,法规、记分,饮酒后驾驶机动车的，一次记多少分？（第13题）,12 分,9 分,6 分,3 分,A,饮酒后驾驶机动车一次记12分。,
Q049,科目一,单选,道路交通安全法律、法规和规章,法规、记分,驾驶机动车在高速公路上倒车、逆行、穿越中央分隔带掉头的，一次记多少分？（第14题）,12 分,9 分,6 分,3 分,A,高速公路上倒车、逆行、穿越中央隔离带掉头极其危险，一次记12分。,
Q050,科目一,单选,道路交通安全法律、法规和规章,法规、记分,代替实际机动车驾驶人接受交通违法行为处罚和记分牟取经济利益的，一次记多少分？（第15题）,12 分,9 分,6 分,3 分,A,买分卖分代扣分牟取经济利益，一次记12分。,
Q051,科目一,单选,道路交通安全法律、法规和规章,法规、记分,驾驶未悬挂机动车号牌或者故意遮挡、污损机动车号牌的机动车上路行驶的，一次记多少分？（第16题）,9 分,12 分,6 分,3 分,A,故意遮挡、污损或未悬挂号牌记9分。,
Q052,科目一,单选,道路交通安全法律、法规和规章,法规、记分,驾驶机动车违反道路交通信号灯通行（闯红灯）的，一次记多少分？（第17题）,6 分,12 分,3 分,1 分,A,闯红灯一次记6分。,
Q053,科目一,单选,道路交通安全法律、法规和规章,法规、记分,驾驶机动车在高速公路或者城市快速路上违法占用应急车道行驶的，一次记多少分？（第18题）,6 分,12 分,9 分,3 分,A,违法占用应急车道行驶记6分。,
Q054,科目一,单选,道路交通安全法律、法规和规章,法规、记分,驾驶机动车拨打、接听手持电话等妨碍安全驾驶的，一次记多少分？（第19题）,3 分,6 分,2 分,1 分,A,开车打手机一次记3分。,
Q055,科目一,单选,道路交通安全法律、法规和规章,法规、记分,驾驶机动车在高速公路或者城市快速路上不按规定车道行驶的，一次记多少分？（第20题）,3 分,6 分,1 分,2 分,A,不按规定车道行驶记3分。,
Q056,科目一,单选,道路交通安全法律、法规和规章,法规、记分,驾驶机动车不按规定避让校车的，一次记多少分？（第21题）,3 分,6 分,1 分,2 分,A,不按规定避让校车记3分。,
Q057,科目一,单选,道路交通安全法律、法规和规章,法规、记分,驾驶机动车在道路上行驶时，机动车驾驶人未按规定系安全带的，一次记多少分？（第22题）,1 分,2 分,3 分,6 分,A,未系安全带一次记1分。,
Q058,科目一,单选,道路交通安全法律、法规和规章,法规、记分,机动车驾驶人在一个记分周期内累积记分满多少分的，公安交管部门应当扣留机动车驾驶证？（第23题）,12 分,10 分,6 分,24 分,A,记满12分扣留驾照并参加满分学习。,
Q059,科目一,单选,道路交通安全法律、法规和规章,法规、记分,申请小型汽车、小型自动挡汽车驾驶证的，年龄下限是多少周岁？（第24题）,18 周岁,16 周岁,20 周岁,22 周岁,A,申领小型汽车C1/C2驾照年满18周岁即可，无上限。,
Q060,科目一,单选,道路交通安全法律、法规和规章,法规、记分,饮酒后驾驶机动车的，一次记多少分？（第25题）,12 分,9 分,6 分,3 分,A,饮酒后驾驶机动车一次记12分。,
Q061,科目一,单选,道路交通安全法律、法规和规章,法规、记分,驾驶机动车在高速公路上倒车、逆行、穿越中央分隔带掉头的，一次记多少分？（第26题）,12 分,9 分,6 分,3 分,A,高速公路上倒车、逆行、穿越中央隔离带掉头极其危险，一次记12分。,
Q062,科目一,单选,道路交通安全法律、法规和规章,法规、记分,代替实际机动车驾驶人接受交通违法行为处罚和记分牟取经济利益的，一次记多少分？（第27题）,12 分,9 分,6 分,3 分,A,买分卖分代扣分牟取经济利益，一次记12分。,
Q063,科目一,单选,道路交通安全法律、法规和规章,法规、记分,驾驶未悬挂机动车号牌或者故意遮挡、污损机动车号牌的机动车上路行驶的，一次记多少分？（第28题）,9 分,12 分,6 分,3 分,A,故意遮挡、污损或未悬挂号牌记9分。,
Q064,科目一,单选,道路交通安全法律、法规和规章,法规、记分,驾驶机动车违反道路交通信号灯通行（闯红灯）的，一次记多少分？（第29题）,6 分,12 分,3 分,1 分,A,闯红灯一次记6分。,
Q065,科目一,单选,道路交通安全法律、法规和规章,法规、记分,驾驶机动车在高速公路或者城市快速路上违法占用应急车道行驶的，一次记多少分？（第30题）,6 分,12 分,9 分,3 分,A,违法占用应急车道行驶记6分。,
Q066,科目一,单选,道路交通安全法律、法规和规章,法规、记分,驾驶机动车拨打、接听手持电话等妨碍安全驾驶的，一次记多少分？（第31题）,3 分,6 分,2 分,1 分,A,开车打手机一次记3分。,
Q067,科目一,单选,道路交通安全法律、法规和规章,法规、记分,驾驶机动车在高速公路或者城市快速路上不按规定车道行驶的，一次记多少分？（第32题）,3 分,6 分,1 分,2 分,A,不按规定车道行驶记3分。,
Q068,科目一,单选,道路交通安全法律、法规和规章,法规、记分,驾驶机动车不按规定避让校车的，一次记多少分？（第33题）,3 分,6 分,1 分,2 分,A,不按规定避让校车记3分。,
Q069,科目一,单选,道路交通安全法律、法规和规章,法规、记分,驾驶机动车在道路上行驶时，机动车驾驶人未按规定系安全带的，一次记多少分？（第34题）,1 分,2 分,3 分,6 分,A,未系安全带一次记1分。,
Q070,科目一,单选,道路交通安全法律、法规和规章,法规、记分,机动车驾驶人在一个记分周期内累积记分满多少分的，公安交管部门应当扣留机动车驾驶证？（第35题）,12 分,10 分,6 分,24 分,A,记满12分扣留驾照并参加满分学习。,
Q071,科目一,单选,道路交通安全法律、法规和规章,法规、记分,申请小型汽车、小型自动挡汽车驾驶证的，年龄下限是多少周岁？（第36题）,18 周岁,16 周岁,20 周岁,22 周岁,A,申领小型汽车C1/C2驾照年满18周岁即可，无上限。,
Q072,科目一,单选,道路交通安全法律、法规和规章,法规、记分,饮酒后驾驶机动车的，一次记多少分？（第37题）,12 分,9 分,6 分,3 分,A,饮酒后驾驶机动车一次记12分。,
Q073,科目一,单选,道路交通安全法律、法规和规章,法规、记分,驾驶机动车在高速公路上倒车、逆行、穿越中央分隔带掉头的，一次记多少分？（第38题）,12 分,9 分,6 分,3 分,A,高速公路上倒车、逆行、穿越中央隔离带掉头极其危险，一次记12分。,
Q074,科目一,单选,道路交通安全法律、法规和规章,法规、记分,代替实际机动车驾驶人接受交通违法行为处罚和记分牟取经济利益的，一次记多少分？（第39题）,12 分,9 分,6 分,3 分,A,买分卖分代扣分牟取经济利益，一次记12分。,
Q075,科目一,单选,道路交通安全法律、法规和规章,法规、记分,驾驶未悬挂机动车号牌或者故意遮挡、污损机动车号牌的机动车上路行驶的，一次记多少分？（第40题）,9 分,12 分,6 分,3 分,A,故意遮挡、污损或未悬挂号牌记9分。,
Q076,科目一,单选,交通信号,信号、标志,红色交通信号灯亮时，表示什么？,禁止通行,准许通行,准备起步,警示注意,A,红灯表示禁止通行。,sign_speed_limit_60.png
Q077,科目一,单选,交通信号,信号、标志,绿灯亮时，准许车辆通行，但转弯的车辆不得妨碍谁的通行？,被放行的直行车辆和行人,任何后方车辆,路边非机动车,超速车辆,A,转弯车不得妨碍被放行的直行车和行人。,
Q078,科目一,单选,交通信号,信号、标志,黄灯闪烁时，表示什么？,警示注意，确认安全后通过,加速通过,全面禁止通行,设备故障,A,持续闪烁黄灯是警示信号，提示确认安全后通过。,sign_speed_limit_60.png
Q079,科目一,判断,交通信号,信号、标志,如图所示，白底红圈黑字60是最高限速标志。,,,,,正确,白底红圈黑字表示最高限速。,
Q080,科目一,判断,交通信号,信号、标志,黄色双实线严禁车辆压线、越线超车。,,,,,正确,黄色实线均严禁压线越线。,sign_speed_limit_60.png
Q081,科目一,单选,交通信号,信号、标志,红色交通信号灯亮时，表示什么？（第6题）,禁止通行,准许通行,准备起步,警示注意,A,红灯表示禁止通行。,
Q082,科目一,单选,交通信号,信号、标志,绿灯亮时，准许车辆通行，但转弯的车辆不得妨碍谁的通行？（第7题）,被放行的直行车辆和行人,任何后方车辆,路边非机动车,超速车辆,A,转弯车不得妨碍被放行的直行车和行人。,sign_speed_limit_60.png
Q083,科目一,单选,交通信号,信号、标志,黄灯闪烁时，表示什么？（第8题）,警示注意，确认安全后通过,加速通过,全面禁止通行,设备故障,A,持续闪烁黄灯是警示信号，提示确认安全后通过。,
Q084,科目一,判断,交通信号,信号、标志,如图所示，白底红圈黑字60是最高限速标志。（第9题）,,,,,正确,白底红圈黑字表示最高限速。,sign_speed_limit_60.png
Q085,科目一,判断,交通信号,信号、标志,黄色双实线严禁车辆压线、越线超车。（第10题）,,,,,正确,黄色实线均严禁压线越线。,
Q086,科目一,单选,交通信号,信号、标志,红色交通信号灯亮时，表示什么？（第11题）,禁止通行,准许通行,准备起步,警示注意,A,红灯表示禁止通行。,sign_speed_limit_60.png
Q087,科目一,单选,交通信号,信号、标志,绿灯亮时，准许车辆通行，但转弯的车辆不得妨碍谁的通行？（第12题）,被放行的直行车辆和行人,任何后方车辆,路边非机动车,超速车辆,A,转弯车不得妨碍被放行的直行车和行人。,
Q088,科目一,单选,交通信号,信号、标志,黄灯闪烁时，表示什么？（第13题）,警示注意，确认安全后通过,加速通过,全面禁止通行,设备故障,A,持续闪烁黄灯是警示信号，提示确认安全后通过。,sign_speed_limit_60.png
Q089,科目一,判断,交通信号,信号、标志,如图所示，白底红圈黑字60是最高限速标志。（第14题）,,,,,正确,白底红圈黑字表示最高限速。,
Q090,科目一,判断,交通信号,信号、标志,黄色双实线严禁车辆压线、越线超车。（第15题）,,,,,正确,黄色实线均严禁压线越线。,sign_speed_limit_60.png
Q091,科目一,单选,交通信号,信号、标志,红色交通信号灯亮时，表示什么？（第16题）,禁止通行,准许通行,准备起步,警示注意,A,红灯表示禁止通行。,
Q092,科目一,单选,交通信号,信号、标志,绿灯亮时，准许车辆通行，但转弯的车辆不得妨碍谁的通行？（第17题）,被放行的直行车辆和行人,任何后方车辆,路边非机动车,超速车辆,A,转弯车不得妨碍被放行的直行车和行人。,sign_speed_limit_60.png
Q093,科目一,单选,交通信号,信号、标志,黄灯闪烁时，表示什么？（第18题）,警示注意，确认安全后通过,加速通过,全面禁止通行,设备故障,A,持续闪烁黄灯是警示信号，提示确认安全后通过。,
Q094,科目一,判断,交通信号,信号、标志,如图所示，白底红圈黑字60是最高限速标志。（第19题）,,,,,正确,白底红圈黑字表示最高限速。,sign_speed_limit_60.png
Q095,科目一,判断,交通信号,信号、标志,黄色双实线严禁车辆压线、越线超车。（第20题）,,,,,正确,黄色实线均严禁压线越线。,
Q096,科目一,单选,安全行车、文明驾驶基础知识,文明驾驶,机动车行经人行横道时，遇行人正在通过人行横道，应当如何做？（第1题）,停车让行,鸣喇叭催促,加速抢行,绕行通过,A,行经人行横道遇行人正在通过，必须停车让行。,
Q097,科目一,单选,安全行车、文明驾驶基础知识,文明驾驶,机动车行经人行横道时，遇行人正在通过人行横道，应当如何做？（第2题）,停车让行,鸣喇叭催促,加速抢行,绕行通过,A,行经人行横道遇行人正在通过，必须停车让行。,
Q098,科目一,单选,安全行车、文明驾驶基础知识,文明驾驶,机动车行经人行横道时，遇行人正在通过人行横道，应当如何做？（第3题）,停车让行,鸣喇叭催促,加速抢行,绕行通过,A,行经人行横道遇行人正在通过，必须停车让行。,
Q099,科目一,单选,安全行车、文明驾驶基础知识,文明驾驶,机动车行经人行横道时，遇行人正在通过人行横道，应当如何做？（第4题）,停车让行,鸣喇叭催促,加速抢行,绕行通过,A,行经人行横道遇行人正在通过，必须停车让行。,
Q100,科目一,单选,安全行车、文明驾驶基础知识,文明驾驶,机动车行经人行横道时，遇行人正在通过人行横道，应当如何做？（第5题）,停车让行,鸣喇叭催促,加速抢行,绕行通过,A,行经人行横道遇行人正在通过，必须停车让行。,
Q101,科目一,单选,安全行车、文明驾驶基础知识,文明驾驶,机动车行经人行横道时，遇行人正在通过人行横道，应当如何做？（第6题）,停车让行,鸣喇叭催促,加速抢行,绕行通过,A,行经人行横道遇行人正在通过，必须停车让行。,
Q102,科目一,单选,安全行车、文明驾驶基础知识,文明驾驶,机动车行经人行横道时，遇行人正在通过人行横道，应当如何做？（第7题）,停车让行,鸣喇叭催促,加速抢行,绕行通过,A,行经人行横道遇行人正在通过，必须停车让行。,
Q103,科目一,单选,安全行车、文明驾驶基础知识,文明驾驶,机动车行经人行横道时，遇行人正在通过人行横道，应当如何做？（第8题）,停车让行,鸣喇叭催促,加速抢行,绕行通过,A,行经人行横道遇行人正在通过，必须停车让行。,
Q104,科目一,单选,安全行车、文明驾驶基础知识,文明驾驶,机动车行经人行横道时，遇行人正在通过人行横道，应当如何做？（第9题）,停车让行,鸣喇叭催促,加速抢行,绕行通过,A,行经人行横道遇行人正在通过，必须停车让行。,
Q105,科目一,单选,安全行车、文明驾驶基础知识,文明驾驶,机动车行经人行横道时，遇行人正在通过人行横道，应当如何做？（第10题）,停车让行,鸣喇叭催促,加速抢行,绕行通过,A,行经人行横道遇行人正在通过，必须停车让行。,
Q106,科目一,单选,机动车驾驶操作相关基础知识,操作仪表,装备防抱死制动系统（ABS）的机动车在紧急制动时应当怎样踩制动踏板？（第1题）,用力踩下踏板不放松,间歇轻踏,连续点刹,踩下离合,A,ABS工作时应果断全力踩下制动踏板并保持不动。,
Q107,科目一,单选,机动车驾驶操作相关基础知识,操作仪表,装备防抱死制动系统（ABS）的机动车在紧急制动时应当怎样踩制动踏板？（第2题）,用力踩下踏板不放松,间歇轻踏,连续点刹,踩下离合,A,ABS工作时应果断全力踩下制动踏板并保持不动。,
Q108,科目一,单选,机动车驾驶操作相关基础知识,操作仪表,装备防抱死制动系统（ABS）的机动车在紧急制动时应当怎样踩制动踏板？（第3题）,用力踩下踏板不放松,间歇轻踏,连续点刹,踩下离合,A,ABS工作时应果断全力踩下制动踏板并保持不动。,
Q109,科目一,单选,机动车驾驶操作相关基础知识,操作仪表,装备防抱死制动系统（ABS）的机动车在紧急制动时应当怎样踩制动踏板？（第4题）,用力踩下踏板不放松,间歇轻踏,连续点刹,踩下离合,A,ABS工作时应果断全力踩下制动踏板并保持不动。,
Q110,科目一,单选,机动车驾驶操作相关基础知识,操作仪表,装备防抱死制动系统（ABS）的机动车在紧急制动时应当怎样踩制动踏板？（第5题）,用力踩下踏板不放松,间歇轻踏,连续点刹,踩下离合,A,ABS工作时应果断全力踩下制动踏板并保持不动。,
Q111,科目四,单选,安全文明驾驶操作要求,科目四考点,起步前通过后视镜和盲区观察确认安全，开启转向灯不少于多少秒后再平稳起步？（第1题）,3 秒,1 秒,5 秒,10 秒,A,变道起步开转向灯不少于3秒。,
Q112,科目四,单选,恶劣气象和复杂道路条件下的安全驾驶知识,科目四考点,冰雪湿滑路面起步打滑时，切忌猛轰油门，可采取什么措施？（第2题）,在驱动轮下铺垫沙石或防滑垫,挂最高挡猛冲,拉紧手刹起步,连续点火,A,驱动轮垫防滑物增大摩擦力。,
Q113,科目四,单选,爆胎等紧急情况下的临危处置方法,科目四考点,前轮突发爆胎时，最危险的错误操作是什么？（第3题）,急踩制动或猛打方向,紧握方向盘,轻点刹车,缓收油门,A,前轮爆胎猛打方向急刹极易翻车。,
Q114,科目四,单选,防范次生事故处置知识,科目四考点,高速公路发生事故后人员应如何处置？（第4题）,车靠边、人撤离到护栏外、即报警,在车内等待救援,在行车道拍照争论,站在车后推车,A,人员必须第一时间撤离至护栏外。,
Q115,科目四,单选,伤员急救知识,科目四考点,对怀疑颈椎或脊柱骨折的伤员，搬运时应采用什么方法？（第5题）,多人平托法保持轴线平直放置于硬板担架,背负法,单人抱起,一人拉手一人拉脚,A,脊柱骨折禁止弯曲身体，必须轴线平直平托。,
Q116,科目四,单选,文明行车常识,科目四考点,行经漫水路面或深水坑，遇行人或非机动车在路旁时应如何通行？（第6题）,减速慢行防止水花飞溅,加速冲过去,猛按喇叭,贴身超越,A,文明驾驶应减速慢行礼让行人。,
Q117,科目四,单选,安全文明驾驶操作要求,科目四考点,起步前通过后视镜和盲区观察确认安全，开启转向灯不少于多少秒后再平稳起步？（第7题）,3 秒,1 秒,5 秒,10 秒,A,变道起步开转向灯不少于3秒。,
Q118,科目四,单选,恶劣气象和复杂道路条件下的安全驾驶知识,科目四考点,冰雪湿滑路面起步打滑时，切忌猛轰油门，可采取什么措施？（第8题）,在驱动轮下铺垫沙石或防滑垫,挂最高挡猛冲,拉紧手刹起步,连续点火,A,驱动轮垫防滑物增大摩擦力。,
Q119,科目四,单选,爆胎等紧急情况下的临危处置方法,科目四考点,前轮突发爆胎时，最危险的错误操作是什么？（第9题）,急踩制动或猛打方向,紧握方向盘,轻点刹车,缓收油门,A,前轮爆胎猛打方向急刹极易翻车。,
Q120,科目四,单选,防范次生事故处置知识,科目四考点,高速公路发生事故后人员应如何处置？（第10题）,车靠边、人撤离到护栏外、即报警,在车内等待救援,在行车道拍照争论,站在车后推车,A,人员必须第一时间撤离至护栏外。,
Q121,科目四,单选,伤员急救知识,科目四考点,对怀疑颈椎或脊柱骨折的伤员，搬运时应采用什么方法？（第11题）,多人平托法保持轴线平直放置于硬板担架,背负法,单人抱起,一人拉手一人拉脚,A,脊柱骨折禁止弯曲身体，必须轴线平直平托。,
Q122,科目四,单选,文明行车常识,科目四考点,行经漫水路面或深水坑，遇行人或非机动车在路旁时应如何通行？（第12题）,减速慢行防止水花飞溅,加速冲过去,猛按喇叭,贴身超越,A,文明驾驶应减速慢行礼让行人。,
Q123,科目四,单选,安全文明驾驶操作要求,科目四考点,起步前通过后视镜和盲区观察确认安全，开启转向灯不少于多少秒后再平稳起步？（第13题）,3 秒,1 秒,5 秒,10 秒,A,变道起步开转向灯不少于3秒。,
Q124,科目四,单选,恶劣气象和复杂道路条件下的安全驾驶知识,科目四考点,冰雪湿滑路面起步打滑时，切忌猛轰油门，可采取什么措施？（第14题）,在驱动轮下铺垫沙石或防滑垫,挂最高挡猛冲,拉紧手刹起步,连续点火,A,驱动轮垫防滑物增大摩擦力。,
Q125,科目四,单选,爆胎等紧急情况下的临危处置方法,科目四考点,前轮突发爆胎时，最危险的错误操作是什么？（第15题）,急踩制动或猛打方向,紧握方向盘,轻点刹车,缓收油门,A,前轮爆胎猛打方向急刹极易翻车。,
Q126,科目四,单选,防范次生事故处置知识,科目四考点,高速公路发生事故后人员应如何处置？（第16题）,车靠边、人撤离到护栏外、即报警,在车内等待救援,在行车道拍照争论,站在车后推车,A,人员必须第一时间撤离至护栏外。,
Q127,科目四,单选,伤员急救知识,科目四考点,对怀疑颈椎或脊柱骨折的伤员，搬运时应采用什么方法？（第17题）,多人平托法保持轴线平直放置于硬板担架,背负法,单人抱起,一人拉手一人拉脚,A,脊柱骨折禁止弯曲身体，必须轴线平直平托。,
Q128,科目四,单选,文明行车常识,科目四考点,行经漫水路面或深水坑，遇行人或非机动车在路旁时应如何通行？（第18题）,减速慢行防止水花飞溅,加速冲过去,猛按喇叭,贴身超越,A,文明驾驶应减速慢行礼让行人。,
Q129,科目四,单选,安全文明驾驶操作要求,科目四考点,起步前通过后视镜和盲区观察确认安全，开启转向灯不少于多少秒后再平稳起步？（第19题）,3 秒,1 秒,5 秒,10 秒,A,变道起步开转向灯不少于3秒。,
Q130,科目四,单选,恶劣气象和复杂道路条件下的安全驾驶知识,科目四考点,冰雪湿滑路面起步打滑时，切忌猛轰油门，可采取什么措施？（第20题）,在驱动轮下铺垫沙石或防滑垫,挂最高挡猛冲,拉紧手刹起步,连续点火,A,驱动轮垫防滑物增大摩擦力。,
Q131,科目四,单选,爆胎等紧急情况下的临危处置方法,科目四考点,前轮突发爆胎时，最危险的错误操作是什么？（第21题）,急踩制动或猛打方向,紧握方向盘,轻点刹车,缓收油门,A,前轮爆胎猛打方向急刹极易翻车。,
Q132,科目四,单选,防范次生事故处置知识,科目四考点,高速公路发生事故后人员应如何处置？（第22题）,车靠边、人撤离到护栏外、即报警,在车内等待救援,在行车道拍照争论,站在车后推车,A,人员必须第一时间撤离至护栏外。,
Q133,科目四,单选,伤员急救知识,科目四考点,对怀疑颈椎或脊柱骨折的伤员，搬运时应采用什么方法？（第23题）,多人平托法保持轴线平直放置于硬板担架,背负法,单人抱起,一人拉手一人拉脚,A,脊柱骨折禁止弯曲身体，必须轴线平直平托。,
Q134,科目四,单选,文明行车常识,科目四考点,行经漫水路面或深水坑，遇行人或非机动车在路旁时应如何通行？（第24题）,减速慢行防止水花飞溅,加速冲过去,猛按喇叭,贴身超越,A,文明驾驶应减速慢行礼让行人。,
Q135,科目四,单选,安全文明驾驶操作要求,科目四考点,起步前通过后视镜和盲区观察确认安全，开启转向灯不少于多少秒后再平稳起步？（第25题）,3 秒,1 秒,5 秒,10 秒,A,变道起步开转向灯不少于3秒。,
Q136,科目四,单选,恶劣气象和复杂道路条件下的安全驾驶知识,科目四考点,冰雪湿滑路面起步打滑时，切忌猛轰油门，可采取什么措施？（第26题）,在驱动轮下铺垫沙石或防滑垫,挂最高挡猛冲,拉紧手刹起步,连续点火,A,驱动轮垫防滑物增大摩擦力。,
Q137,科目四,单选,爆胎等紧急情况下的临危处置方法,科目四考点,前轮突发爆胎时，最危险的错误操作是什么？（第27题）,急踩制动或猛打方向,紧握方向盘,轻点刹车,缓收油门,A,前轮爆胎猛打方向急刹极易翻车。,
Q138,科目四,单选,防范次生事故处置知识,科目四考点,高速公路发生事故后人员应如何处置？（第28题）,车靠边、人撤离到护栏外、即报警,在车内等待救援,在行车道拍照争论,站在车后推车,A,人员必须第一时间撤离至护栏外。,
Q139,科目四,单选,伤员急救知识,科目四考点,对怀疑颈椎或脊柱骨折的伤员，搬运时应采用什么方法？（第29题）,多人平托法保持轴线平直放置于硬板担架,背负法,单人抱起,一人拉手一人拉脚,A,脊柱骨折禁止弯曲身体，必须轴线平直平托。,
Q140,科目四,单选,文明行车常识,科目四考点,行经漫水路面或深水坑，遇行人或非机动车在路旁时应如何通行？（第30题）,减速慢行防止水花飞溅,加速冲过去,猛按喇叭,贴身超越,A,文明驾驶应减速慢行礼让行人。,
Q141,科目四,单选,安全文明驾驶操作要求,科目四考点,起步前通过后视镜和盲区观察确认安全，开启转向灯不少于多少秒后再平稳起步？（第31题）,3 秒,1 秒,5 秒,10 秒,A,变道起步开转向灯不少于3秒。,
Q142,科目四,单选,恶劣气象和复杂道路条件下的安全驾驶知识,科目四考点,冰雪湿滑路面起步打滑时，切忌猛轰油门，可采取什么措施？（第32题）,在驱动轮下铺垫沙石或防滑垫,挂最高挡猛冲,拉紧手刹起步,连续点火,A,驱动轮垫防滑物增大摩擦力。,
Q143,科目四,单选,爆胎等紧急情况下的临危处置方法,科目四考点,前轮突发爆胎时，最危险的错误操作是什么？（第33题）,急踩制动或猛打方向,紧握方向盘,轻点刹车,缓收油门,A,前轮爆胎猛打方向急刹极易翻车。,
Q144,科目四,单选,防范次生事故处置知识,科目四考点,高速公路发生事故后人员应如何处置？（第34题）,车靠边、人撤离到护栏外、即报警,在车内等待救援,在行车道拍照争论,站在车后推车,A,人员必须第一时间撤离至护栏外。,
Q145,科目四,单选,伤员急救知识,科目四考点,对怀疑颈椎或脊柱骨折的伤员，搬运时应采用什么方法？（第35题）,多人平托法保持轴线平直放置于硬板担架,背负法,单人抱起,一人拉手一人拉脚,A,脊柱骨折禁止弯曲身体，必须轴线平直平托。,
Q146,科目四,单选,文明行车常识,科目四考点,行经漫水路面或深水坑，遇行人或非机动车在路旁时应如何通行？（第36题）,减速慢行防止水花飞溅,加速冲过去,猛按喇叭,贴身超越,A,文明驾驶应减速慢行礼让行人。,
Q147,科目四,单选,安全文明驾驶操作要求,科目四考点,起步前通过后视镜和盲区观察确认安全，开启转向灯不少于多少秒后再平稳起步？（第37题）,3 秒,1 秒,5 秒,10 秒,A,变道起步开转向灯不少于3秒。,
Q148,科目四,单选,恶劣气象和复杂道路条件下的安全驾驶知识,科目四考点,冰雪湿滑路面起步打滑时，切忌猛轰油门，可采取什么措施？（第38题）,在驱动轮下铺垫沙石或防滑垫,挂最高挡猛冲,拉紧手刹起步,连续点火,A,驱动轮垫防滑物增大摩擦力。,
Q149,科目四,单选,爆胎等紧急情况下的临危处置方法,科目四考点,前轮突发爆胎时，最危险的错误操作是什么？（第39题）,急踩制动或猛打方向,紧握方向盘,轻点刹车,缓收油门,A,前轮爆胎猛打方向急刹极易翻车。,
Q150,科目四,单选,防范次生事故处置知识,科目四考点,高速公路发生事故后人员应如何处置？（第40题）,车靠边、人撤离到护栏外、即报警,在车内等待救援,在行车道拍照争论,站在车后推车,A,人员必须第一时间撤离至护栏外。,
Q151,科目四,单选,伤员急救知识,科目四考点,对怀疑颈椎或脊柱骨折的伤员，搬运时应采用什么方法？（第41题）,多人平托法保持轴线平直放置于硬板担架,背负法,单人抱起,一人拉手一人拉脚,A,脊柱骨折禁止弯曲身体，必须轴线平直平托。,
Q152,科目四,单选,文明行车常识,科目四考点,行经漫水路面或深水坑，遇行人或非机动车在路旁时应如何通行？（第42题）,减速慢行防止水花飞溅,加速冲过去,猛按喇叭,贴身超越,A,文明驾驶应减速慢行礼让行人。,
Q153,科目四,单选,安全文明驾驶操作要求,科目四考点,起步前通过后视镜和盲区观察确认安全，开启转向灯不少于多少秒后再平稳起步？（第43题）,3 秒,1 秒,5 秒,10 秒,A,变道起步开转向灯不少于3秒。,
Q154,科目四,单选,恶劣气象和复杂道路条件下的安全驾驶知识,科目四考点,冰雪湿滑路面起步打滑时，切忌猛轰油门，可采取什么措施？（第44题）,在驱动轮下铺垫沙石或防滑垫,挂最高挡猛冲,拉紧手刹起步,连续点火,A,驱动轮垫防滑物增大摩擦力。,
Q155,科目四,单选,爆胎等紧急情况下的临危处置方法,科目四考点,前轮突发爆胎时，最危险的错误操作是什么？（第45题）,急踩制动或猛打方向,紧握方向盘,轻点刹车,缓收油门,A,前轮爆胎猛打方向急刹极易翻车。,
Q156,科目四,单选,防范次生事故处置知识,科目四考点,高速公路发生事故后人员应如何处置？（第46题）,车靠边、人撤离到护栏外、即报警,在车内等待救援,在行车道拍照争论,站在车后推车,A,人员必须第一时间撤离至护栏外。,
Q157,科目四,单选,伤员急救知识,科目四考点,对怀疑颈椎或脊柱骨折的伤员，搬运时应采用什么方法？（第47题）,多人平托法保持轴线平直放置于硬板担架,背负法,单人抱起,一人拉手一人拉脚,A,脊柱骨折禁止弯曲身体，必须轴线平直平托。,
Q158,科目四,单选,文明行车常识,科目四考点,行经漫水路面或深水坑，遇行人或非机动车在路旁时应如何通行？（第48题）,减速慢行防止水花飞溅,加速冲过去,猛按喇叭,贴身超越,A,文明驾驶应减速慢行礼让行人。,
Q159,科目四,单选,安全文明驾驶操作要求,科目四考点,起步前通过后视镜和盲区观察确认安全，开启转向灯不少于多少秒后再平稳起步？（第49题）,3 秒,1 秒,5 秒,10 秒,A,变道起步开转向灯不少于3秒。,
Q160,科目四,单选,恶劣气象和复杂道路条件下的安全驾驶知识,科目四考点,冰雪湿滑路面起步打滑时，切忌猛轰油门，可采取什么措施？（第50题）,在驱动轮下铺垫沙石或防滑垫,挂最高挡猛冲,拉紧手刹起步,连续点火,A,驱动轮垫防滑物增大摩擦力。,
Q161,科目四,单选,爆胎等紧急情况下的临危处置方法,科目四考点,前轮突发爆胎时，最危险的错误操作是什么？（第51题）,急踩制动或猛打方向,紧握方向盘,轻点刹车,缓收油门,A,前轮爆胎猛打方向急刹极易翻车。,
Q162,科目四,单选,防范次生事故处置知识,科目四考点,高速公路发生事故后人员应如何处置？（第52题）,车靠边、人撤离到护栏外、即报警,在车内等待救援,在行车道拍照争论,站在车后推车,A,人员必须第一时间撤离至护栏外。,
Q163,科目四,单选,伤员急救知识,科目四考点,对怀疑颈椎或脊柱骨折的伤员，搬运时应采用什么方法？（第53题）,多人平托法保持轴线平直放置于硬板担架,背负法,单人抱起,一人拉手一人拉脚,A,脊柱骨折禁止弯曲身体，必须轴线平直平托。,
Q164,科目四,单选,文明行车常识,科目四考点,行经漫水路面或深水坑，遇行人或非机动车在路旁时应如何通行？（第54题）,减速慢行防止水花飞溅,加速冲过去,猛按喇叭,贴身超越,A,文明驾驶应减速慢行礼让行人。,
Q165,科目四,单选,安全文明驾驶操作要求,科目四考点,起步前通过后视镜和盲区观察确认安全，开启转向灯不少于多少秒后再平稳起步？（第55题）,3 秒,1 秒,5 秒,10 秒,A,变道起步开转向灯不少于3秒。,
Q166,科目四,单选,恶劣气象和复杂道路条件下的安全驾驶知识,科目四考点,冰雪湿滑路面起步打滑时，切忌猛轰油门，可采取什么措施？（第56题）,在驱动轮下铺垫沙石或防滑垫,挂最高挡猛冲,拉紧手刹起步,连续点火,A,驱动轮垫防滑物增大摩擦力。,
Q167,科目四,单选,爆胎等紧急情况下的临危处置方法,科目四考点,前轮突发爆胎时，最危险的错误操作是什么？（第57题）,急踩制动或猛打方向,紧握方向盘,轻点刹车,缓收油门,A,前轮爆胎猛打方向急刹极易翻车。,
Q168,科目四,单选,防范次生事故处置知识,科目四考点,高速公路发生事故后人员应如何处置？（第58题）,车靠边、人撤离到护栏外、即报警,在车内等待救援,在行车道拍照争论,站在车后推车,A,人员必须第一时间撤离至护栏外。,
Q169,科目四,单选,伤员急救知识,科目四考点,对怀疑颈椎或脊柱骨折的伤员，搬运时应采用什么方法？（第59题）,多人平托法保持轴线平直放置于硬板担架,背负法,单人抱起,一人拉手一人拉脚,A,脊柱骨折禁止弯曲身体，必须轴线平直平托。,
Q170,科目四,单选,文明行车常识,科目四考点,行经漫水路面或深水坑，遇行人或非机动车在路旁时应如何通行？（第60题）,减速慢行防止水花飞溅,加速冲过去,猛按喇叭,贴身超越,A,文明驾驶应减速慢行礼让行人。,
